{
  "test_precision": 0.75,
  "test_recall": 0.75,
  "test_f1": 0.75,
  "test_roc_auc": 0.986842105263158,
  "test_pr_auc": 0.8910714285714285,
  "confusion_matrix": [
    [
      93,
      2
    ],
    [
      2,
      6
    ]
  ],
  "test_brier_uncalibrated": 0.024754352867603302,
  "test_brier_calibrated": 0.024205219000577927,
  "n_nodes": 250,
  "n_edges": 511,
  "n_anomalies": 41,
  "anomaly_rate": 0.0802348330616951
}